seed,protocol,dataset,metric,value
0,test,internal_test,R2,0.26460957527160645
0,test,internal_test,MSE,0.9001464247703552
0,test,internal_test,MAE,0.7364186644554138
0,test,internal_test,pearson,0.5921913385391235
0,test,internal_test,spearman,0.628834068775177
0,test,faris_data,R2,-0.134405255317688
0,test,faris_data,MSE,0.7726761698722839
0,test,faris_data,MAE,0.7268299460411072
0,test,faris_data,pearson,0.42191776633262634
0,test,faris_data,spearman,0.4369838535785675
0,test,merz_data,R2,0.5601484775543213
0,test,merz_data,MSE,0.3275330364704132
0,test,merz_data,MAE,0.38565486669540405
0,test,merz_data,pearson,0.7632859349250793
0,test,merz_data,spearman,0.7953653931617737
0,test,nielsen_data,R2,-0.5593305826187134
0,test,nielsen_data,MSE,839.9536743164062
0,test,nielsen_data,MAE,18.723167419433594
0,test,nielsen_data,pearson,0.5681877732276917
0,test,nielsen_data,spearman,0.6707008481025696
1,test,internal_test,R2,0.4360685348510742
1,test,internal_test,MSE,1.480053424835205
1,test,internal_test,MAE,0.9554075002670288
1,test,internal_test,pearson,0.6623437404632568
1,test,internal_test,spearman,0.6247716546058655
1,test,faris_data,R2,0.05745667219161987
1,test,faris_data,MSE,0.6419934034347534
1,test,faris_data,MAE,0.6712754964828491
1,test,faris_data,pearson,0.41635799407958984
1,test,faris_data,spearman,0.43205776810646057
1,test,merz_data,R2,0.49989110231399536
1,test,merz_data,MSE,0.3724032938480377
1,test,merz_data,MAE,0.48159945011138916
1,test,merz_data,pearson,0.7427921891212463
1,test,merz_data,spearman,0.7822109460830688
1,test,nielsen_data,R2,-0.23939096927642822
1,test,nielsen_data,MSE,667.6141967773438
1,test,nielsen_data,MAE,16.3916015625
1,test,nielsen_data,pearson,0.5809270739555359
1,test,nielsen_data,spearman,0.6936497092247009
2,test,internal_test,R2,0.2834266424179077
2,test,internal_test,MSE,0.7304406762123108
2,test,internal_test,MAE,0.6693987250328064
2,test,internal_test,pearson,0.6548584699630737
2,test,internal_test,spearman,0.6006588339805603
2,test,faris_data,R2,-0.32025742530822754
2,test,faris_data,MSE,0.8992654085159302
2,test,faris_data,MAE,0.7623739242553711
2,test,faris_data,pearson,0.405381441116333
2,test,faris_data,spearman,0.4231351315975189
2,test,merz_data,R2,0.5601484775543213
2,test,merz_data,MSE,0.3275330364704132
2,test,merz_data,MAE,0.38565486669540405
2,test,merz_data,pearson,0.7632859349250793
2,test,merz_data,spearman,0.7953653931617737
2,test,nielsen_data,R2,-0.5366499423980713
2,test,nielsen_data,MSE,827.7365112304688
2,test,nielsen_data,MAE,18.510103225708008
2,test,nielsen_data,pearson,0.5583754777908325
2,test,nielsen_data,spearman,0.6708896160125732
3,test,internal_test,R2,0.15336906909942627
3,test,internal_test,MSE,1.2320632934570312
3,test,internal_test,MAE,0.8857407569885254
3,test,internal_test,pearson,0.5769843459129333
3,test,internal_test,spearman,0.5694157481193542
3,test,faris_data,R2,-2.4474120140075684
3,test,faris_data,MSE,2.3481314182281494
3,test,faris_data,MAE,1.3425251245498657
3,test,faris_data,pearson,0.428201287984848
3,test,faris_data,spearman,0.4211543798446655
3,test,merz_data,R2,0.48407578468322754
3,test,merz_data,MSE,0.38418012857437134
3,test,merz_data,MAE,0.39254793524742126
3,test,merz_data,pearson,0.7602818608283997
3,test,merz_data,spearman,0.7943199872970581
3,test,nielsen_data,R2,-0.2059171199798584
3,test,nielsen_data,MSE,649.5829467773438
3,test,nielsen_data,MAE,16.31168556213379
3,test,nielsen_data,pearson,0.5815237760543823
3,test,nielsen_data,spearman,0.6881915926933289
4,test,internal_test,R2,0.508568286895752
4,test,internal_test,MSE,1.240077257156372
4,test,internal_test,MAE,0.8687446117401123
4,test,internal_test,pearson,0.804115891456604
4,test,internal_test,spearman,0.8279246091842651
4,test,faris_data,R2,-0.7747515439987183
4,test,faris_data,MSE,1.2088340520858765
4,test,faris_data,MAE,0.897969663143158
4,test,faris_data,pearson,0.4100341498851776
4,test,faris_data,spearman,0.4120368957519531
4,test,merz_data,R2,-0.8485404253005981
4,test,merz_data,MSE,1.376505732536316
4,test,merz_data,MAE,1.0850200653076172
4,test,merz_data,pearson,0.7576100826263428
4,test,merz_data,spearman,0.7890930771827698
4,test,nielsen_data,R2,0.027892231941223145
4,test,nielsen_data,MSE,523.6385498046875
4,test,nielsen_data,MAE,18.14388656616211
4,test,nielsen_data,pearson,0.5870456099510193
4,test,nielsen_data,spearman,0.6949219107627869
5,test,internal_test,R2,0.6013234853744507
5,test,internal_test,MSE,0.8532863259315491
5,test,internal_test,MAE,0.7215375304222107
5,test,internal_test,pearson,0.8176770806312561
5,test,internal_test,spearman,0.7736430168151855
5,test,faris_data,R2,-0.48339104652404785
5,test,faris_data,MSE,1.0103803873062134
5,test,faris_data,MAE,0.8059665560722351
5,test,faris_data,pearson,0.4111673831939697
5,test,faris_data,spearman,0.42452186346054077
5,test,merz_data,R2,-2.643941879272461
5,test,merz_data,MSE,2.713442087173462
5,test,merz_data,MAE,1.5423122644424438
5,test,merz_data,pearson,0.7500307559967041
5,test,merz_data,spearman,0.7914451956748962
5,test,nielsen_data,R2,-0.12194287776947021
5,test,nielsen_data,MSE,604.3492431640625
5,test,nielsen_data,MAE,16.30621910095215
5,test,nielsen_data,pearson,0.5925856828689575
5,test,nielsen_data,spearman,0.695697546005249
6,test,internal_test,R2,0.3581230044364929
6,test,internal_test,MSE,0.702192485332489
6,test,internal_test,MAE,0.6140244603157043
6,test,internal_test,pearson,0.6231228709220886
6,test,internal_test,spearman,0.654820442199707
6,test,faris_data,R2,-4.110921859741211
6,test,faris_data,MSE,3.4811973571777344
6,test,faris_data,MAE,1.6964221000671387
6,test,faris_data,pearson,0.40934014320373535
6,test,faris_data,spearman,0.4210164248943329
6,test,merz_data,R2,0.5636482238769531
6,test,merz_data,MSE,0.32492688298225403
6,test,merz_data,MAE,0.40008559823036194
6,test,merz_data,pearson,0.7679034471511841
6,test,merz_data,spearman,0.8000696301460266
6,test,nielsen_data,R2,-0.42455387115478516
6,test,nielsen_data,MSE,767.3544921875
6,test,nielsen_data,MAE,25.18480682373047
6,test,nielsen_data,pearson,0.5901430249214172
6,test,nielsen_data,spearman,0.6885855197906494
7,test,internal_test,R2,0.2957723140716553
7,test,internal_test,MSE,0.9792359471321106
7,test,internal_test,MAE,0.8126014471054077
7,test,internal_test,pearson,0.6061707735061646
7,test,internal_test,spearman,0.512201726436615
7,test,faris_data,R2,-1.7991607189178467
7,test,faris_data,MSE,1.9065892696380615
7,test,faris_data,MAE,1.1785850524902344
7,test,faris_data,pearson,0.4151481091976166
7,test,faris_data,spearman,0.41489431262016296
7,test,merz_data,R2,0.38636332750320435
7,test,merz_data,MSE,0.4569411277770996
7,test,merz_data,MAE,0.4628196954727173
7,test,merz_data,pearson,0.7579423189163208
7,test,merz_data,spearman,0.781514048576355
7,test,nielsen_data,R2,-0.64863121509552
7,test,nielsen_data,MSE,888.056884765625
7,test,nielsen_data,MAE,19.612308502197266
7,test,nielsen_data,pearson,0.5731275081634521
7,test,nielsen_data,spearman,0.6955292820930481
8,test,internal_test,R2,0.8005199432373047
8,test,internal_test,MSE,0.48186370730400085
8,test,internal_test,MAE,0.5039696097373962
8,test,internal_test,pearson,0.8988708257675171
8,test,internal_test,spearman,0.8325913548469543
8,test,faris_data,R2,-2.000385284423828
8,test,faris_data,MSE,2.0436487197875977
8,test,faris_data,MAE,1.2291628122329712
8,test,faris_data,pearson,0.42309778928756714
8,test,faris_data,spearman,0.4214358329772949
8,test,merz_data,R2,-0.8485404253005981
8,test,merz_data,MSE,1.376505732536316
8,test,merz_data,MAE,1.0850200653076172
8,test,merz_data,pearson,0.7576100826263428
8,test,merz_data,spearman,0.7890930771827698
8,test,nielsen_data,R2,-0.4062711000442505
8,test,nielsen_data,MSE,757.5062255859375
8,test,nielsen_data,MAE,24.989103317260742
8,test,nielsen_data,pearson,0.5878206491470337
8,test,nielsen_data,spearman,0.6947782635688782
9,test,internal_test,R2,0.4399149417877197
9,test,internal_test,MSE,1.1389400959014893
9,test,internal_test,MAE,0.769103467464447
9,test,internal_test,pearson,0.6920522451400757
9,test,internal_test,spearman,0.7059670090675354
9,test,faris_data,R2,-0.5247578620910645
9,test,faris_data,MSE,1.0385565757751465
9,test,faris_data,MAE,0.829910933971405
9,test,faris_data,pearson,0.42148980498313904
9,test,faris_data,spearman,0.4311540126800537
9,test,merz_data,R2,0.5507403612136841
9,test,merz_data,MSE,0.33453869819641113
9,test,merz_data,MAE,0.42715156078338623
9,test,merz_data,pearson,0.7605282068252563
9,test,merz_data,spearman,0.7948427200317383
9,test,nielsen_data,R2,-0.6836237907409668
9,test,nielsen_data,MSE,906.906005859375
9,test,nielsen_data,MAE,19.991621017456055
9,test,nielsen_data,pearson,0.5688722729682922
9,test,nielsen_data,spearman,0.6902639865875244
