line_number,smiles,sequence,num_residues,parent_line_number,method,prediction_delta,status,error
1,C[C@@H](C(N(CC1)CCC1C(NCCSCc1cccc(CSCCC(N[C@H]2CC(NCCOCCOCCCCCCCl)=O)=O)n1)=O)=O)NC2=O,AXXX,4,1,PAMPA,-0.00018379557877779007,ok,
2,C[C@@H](C(N[C@@H](Cc(cc1)ccc1O)C(NCCSCc1cccc(CSCCC(N[C@H]2CC(NCCOCCOCCCCCCCl)=O)=O)n1)=O)=O)N(C)C2=O,XYXX,4,1,PAMPA,-0.2932625412940979,ok,
3,C[C@@H](C(N[C@@H](CC(N)=O)C(N[C@@H](Cc(cc1)ccc1O)C(NCCSCc1cccc(CSCCC(N[C@H]2CC(NCCOCCOCCCCCCCl)=O)=O)n1)=O)=O)=O)N(C)C2=O,XNYXX,5,1,PAMPA,-0.8369259834289551,ok,
4,C[C@@H](C(N[C@H](CCCC1)[C@@H]1C(NCCSCc1cccc(CSCCC(N[C@H]2CC(NCCOCCOCCCCCCCl)=O)=O)n1)=O)=O)N(C)C2=O,XXXX,4,1,PAMPA,0.23828206956386566,ok,
5,C[C@@H](C(NCc(cc1)ccc1C(NCCSCc1cccc(CSCCC(N[C@@H](CC(NCCOCCOCCCCCCCl)=O)C(NC(CC2)CCC2C2)=O)=O)n1)=O)=O)N(C)C2=O,XXXXX,5,1,PAMPA,-0.3719290792942047,ok,
6,C[C@@H](C(NCc1cc(C(NCCSCc2cccc(CSCCC(N[C@H]3CC(NCCOCCOCCCCCCCl)=O)=O)n2)=O)ccc1)=O)NC3=O,AXXX,4,1,PAMPA,-0.22827237844467163,ok,
7,C[C@@H](C(NCCSCc1cccc(CSCCC(N[C@@H](CC(NCCOCCOCCCCCCCl)=O)C(N(C)[C@@H](C)C(N[C@H]2CC(N)=O)=O)=O)=O)n1)=O)NC2=O,XNAXX,5,1,PAMPA,-0.9312339425086975,ok,
8,C[C@@H](C(NCCSCc1cccc(CSCCC(N[C@@H](CC(NCCOCCOCCCCCCCl)=O)C(N(C)CC(N[C@H]2Cc(cc3)ccc3O)=O)=O)=O)n1)=O)NC2=O,XYAXX,5,1,PAMPA,-0.9033883810043335,ok,
9,C[C@@H](C(NCCSCc1cccc(CSCCC(N[C@@H](CC(NCCOCCOCCCCCCCl)=O)C(N(C)CC(N2[C@H]3CC2)=O)=O)=O)n1)=O)N(C)C3=O,XXXXX,5,1,PAMPA,-0.43057072162628174,ok,
10,C[C@@H](C(NCCSCc1cccc(CSCCC(N[C@@H](CC(NCCOCCOCCCCCCCl)=O)C(N(C2)CC2C(N[C@H]2Cc3ccccc3)=O)=O)=O)n1)=O)NC2=O,AXXXF,5,1,PAMPA,-0.3358747065067291,ok,
11,C[C@@H](C(NCCSCc1cccc(CSCCC(N[C@@H](CC(NCCOCCOCCCCCCCl)=O)C(N[C@@H]2C)=O)=O)n1)=O)NC2=O,AAXX,4,1,PAMPA,-0.6134401559829712,ok,
12,C[C@@H](C(NCCSCc1cccc(CSCCC(N[C@@H](CC(NCCOCCOCCCCCCCl)=O)C(N[C@H](C)C(N[C@H]2Cc3c[nH]cn3)=O)=O)=O)n1)=O)NC2=O,AHAXX,5,1,PAMPA,-1.1229246854782104,ok,
13,C[C@@H](C(NCCSCc1cccc(CSCCC(N[C@@H](CC(NCCOCCOCCCCCCCl)=O)C(N[C@H]2[C@H]3CCCC2)=O)=O)n1)=O)NC3=O,AXXX,4,1,PAMPA,0.141065314412117,ok,
14,C[C@@H](C(NCCSCc1cccc(CSCCC(N[C@@H](CC(NCCOCCOCCCCCCCl)=O)C(N2[C@H]3CC2)=O)=O)n1)=O)N(C)C3=O,XXXX,4,1,PAMPA,0.08462892472743988,ok,
15,C[C@@H](C(NCCSCc1cccc(CSCCC(N[C@@H](CC(NCCOCCOCCCCCCCl)=O)C(NCC2)=O)=O)n1)=O)N(C)C2=O,XXXX,4,1,PAMPA,-0.08318111300468445,ok,
16,C[C@@H](C(NCCSCc1cccc(CSCCC(N[C@@H](CC(NCCOCCOCCCCCCCl)=O)C(NCc2ccc3cc2)=O)=O)n1)=O)NC3=O,AXXX,4,1,PAMPA,-0.5349470376968384,ok,
17,C[C@H]([C@@H](C(N[C@@H](Cc1c[nH]cn1)C(N[C@@H](Cc1c[nH]c2c1cccc2)C(NCCSCc1cccc(CSCCC(N[C@H]2CC(NCCOCCOCCCCCCCl)=O)=O)n1)=O)=O)=O)NC2=O)O,THWXX,5,1,PAMPA,-0.9859744906425476,ok,
18,C[C@H]([C@@H](C(N[C@@H](Cc1c[nH]cn1)C(NCCSCc1cccc(CSCCC(N[C@H]2CC(NCCOCCOCCCCCCCl)=O)=O)n1)=O)=O)NC2=O)O,THXX,4,1,PAMPA,-1.1140435934066772,ok,
19,C[C@H]([C@@H](C(NC(CC1)CCC1CC(N(CCC1)[C@H]1C(NCCSCc1cccc(CSCCC(N[C@H]2CC(NCCOCCOCCCCCCCl)=O)=O)n1)=O)=O)=O)NC2=O)O,TXPXX,5,1,PAMPA,-0.9824640154838562,ok,
20,C[C@H]([C@@H](C(NCCSCc1cccc(CSCCC(N[C@@H](CC(NCCOCCOCCCCCCCl)=O)C(N(C)[C@H]2C)=O)=O)n1)=O)NC2=O)O,XTXX,4,1,PAMPA,-0.6177132725715637,ok,
21,C[C@H]([C@@H](C(NCCSCc1cccc(CSCCC(N[C@@H](CC(NCCOCCOCCCCCCCl)=O)C(N(CC2)CCC2C(NCC2)=O)=O)=O)n1)=O)NC2=O)O,TXXXX,5,1,PAMPA,-1.0063327550888062,ok,
22,C[C@H]([C@@H](C(NCCSCc1cccc(CSCCC(N[C@@H](CC(NCCOCCOCCCCCCCl)=O)C(N[C@@H](Cc2c[nH]cn2)C(N[C@H]2CCC(N)=O)=O)=O)=O)n1)=O)NC2=O)O,TXXHQ,5,1,PAMPA,-1.3520233631134033,ok,
23,C[C@H]([C@@H](C(NCCSCc1cccc(CSCCC(N[C@@H](CC(NCCOCCOCCCCCCCl)=O)C(N[C@H](C)C(NCC2)=O)=O)=O)n1)=O)NC2=O)O,AXTXX,5,1,PAMPA,-1.2987794876098633,ok,
24,C[C@H]([C@@H](C(NCCSCc1cccc(CSCCC(N[C@@H](CC(NCCOCCOCCCCCCCl)=O)C(N[C@H](CCCC2)[C@@H]2C(N2[C@@H]3CCCC2)=O)=O)=O)n1)=O)NC3=O)O,TXXXX,5,1,PAMPA,-0.7363777160644531,ok,
25,C[C@H]([C@@H](C(NCCSCc1cccc(CSCCC(N[C@@H](CC(NCCOCCOCCCCCCCl)=O)C(N[C@H]2CCC(N)=O)=O)=O)n1)=O)NC2=O)O,TXXQ,4,1,PAMPA,-1.1738595962524414,ok,
26,C[C@H]([C@@H](C(NCCSCc1cccc(CSCCC(N[C@@H](CC(NCCOCCOCCCCCCCl)=O)C(NCC2)=O)=O)n1)=O)NC2=O)O,TXXX,4,1,PAMPA,-0.9376327991485596,ok,
27,C[C@H](C(N(C)[C@@H](C)C(NCCSCc1cccc(CSCCC(N[C@@H](CC(NCCOCCOCCCCCCCl)=O)C(NC(CC2)CCC2C2)=O)=O)n1)=O)=O)NC2=O,XXXXA,5,1,PAMPA,-0.5274654030799866,ok,
28,C[C@H](C(N(C)CC(NCCSCc1cccc(CSCCC(N[C@@H](CC(NCCOCCOCCCCCCCl)=O)C(N[C@H]2CCC(N)=O)=O)=O)n1)=O)=O)NC2=O,XXXQA,5,1,PAMPA,-1.3347643613815308,ok,
29,C[C@H](C(N[C@@H](Cc(cc1)ccc1O)C(NCCSCc1cccc(CSCCC(N[C@H]2CC(NCCOCCOCCCCCCCl)=O)=O)n1)=O)=O)NC2=O,AYXX,4,1,PAMPA,-0.6998321413993835,ok,
30,C[C@H](C(N[C@@H](Cc1c[nH]cn1)C(N(CC1)[C@@H]1C(NCCSCc1cccc(CSCCC(N[C@H]2CC(NCCOCCOCCCCCCCl)=O)=O)n1)=O)=O)=O)NC2=O,AHXXX,5,1,PAMPA,-1.0719497203826904,ok,
31,C[C@H](C(N[C@@H](Cc1ccccc1)C(NCCSCc1cccc(CSCCC(N[C@@H](CC(NCCOCCOCCCCCCCl)=O)C(N2[C@@H]3CCCC2)=O)=O)n1)=O)=O)NC3=O,AFXXX,5,1,PAMPA,-0.3520127236843109,ok,
32,C[C@H](C(NC(CC1)CCC1CC(NCCSCc1cccc(CSCCC(N[C@H]2CC(NCCOCCOCCCCCCCl)=O)=O)n1)=O)=O)NC2=O,AXXX,4,1,PAMPA,-0.35928747057914734,ok,
33,C[C@H](C(NCCSCc1cccc(CSCCC(N[C@@H](CC(NCCOCCOCCCCCCCl)=O)C(N(CC2)[C@@H]2C(N2[C@@H]3CCC2)=O)=O)=O)n1)=O)NC3=O,AXXXP,5,1,PAMPA,-0.7047605514526367,ok,
34,C[C@H](C(NCCSCc1cccc(CSCCC(N[C@@H](CC(NCCOCCOCCCCCCCl)=O)C(N[C@@H](Cc(cc2)ccc2O)C(N[C@H]2Cc3c[nH]c4c3cccc4)=O)=O)=O)n1)=O)NC2=O,AXXYW,5,1,PAMPA,-0.8031505942344666,ok,
35,C[C@H](C(NCCSCc1cccc(CSCCC(N[C@@H](CC(NCCOCCOCCCCCCCl)=O)C(NCc2ccc3cc2)=O)=O)n1)=O)NC3=O,AXXX,4,1,PAMPA,-0.5651960968971252,ok,
36,CC(C)[C@@H](C(N(CC1)[C@@H]1C(NCCSCc1cccc(CSCCC(N[C@H]2CC(NCCOCCOCCCCCCCl)=O)=O)n1)=O)=O)NC2=O,VXXX,4,1,PAMPA,-0.005457510240375996,ok,
37,CC(C)[C@@H](C(N(CCC1)C[C@H]1C(NCCSCc1cccc(CSCCC(N[C@H]2CC(NCCOCCOCCCCCCCl)=O)=O)n1)=O)=O)NC2=O,VXXX,4,1,PAMPA,0.2409464418888092,ok,
38,CC(C)[C@@H](C(N[C@@H](Cc1c[nH]cn1)C(NCCSCc1cccc(CSCCC(N[C@H]2CC(NCCOCCOCCCCCCCl)=O)=O)n1)=O)=O)NC2=O,VHXX,4,1,PAMPA,-0.6817363500595093,ok,
39,CC(C)[C@@H](C(N[C@@H](CO)C(NCCC(NCCSCc1cccc(CSCCC(N[C@H]2CC(NCCOCCOCCCCCCCl)=O)=O)n1)=O)=O)=O)NC2=O,VSXXX,5,1,PAMPA,-0.6018903851509094,ok,
40,CC(C)[C@@H](C(N[C@H](C)C(NCCSCc1cccc(CSCCC(N[C@@H](CC(NCCOCCOCCCCCCCl)=O)C(N[C@H]2Cc(cc3)ccc3O)=O)=O)n1)=O)=O)NC2=O,VAXXY,5,1,PAMPA,-0.8083532452583313,ok,
41,CC(C)[C@@H](C(NC(CC1)CCC1CC(NCCSCc1cccc(CSCCC(N[C@@H](CC(NCCOCCOCCCCCCCl)=O)C(N(C)C2)=O)=O)n1)=O)=O)NC2=O,VXXXX,5,1,PAMPA,-0.4023112654685974,ok,
42,CC(C)[C@@H](C(NCCSCc1cccc(CSCCC(N[C@@H](CC(NCCOCCOCCCCCCCl)=O)C(N(C)C2)=O)=O)n1)=O)NC2=O,VXXX,4,1,PAMPA,-0.13323190808296204,ok,
43,CC(C)[C@@H](C(NCCSCc1cccc(CSCCC(N[C@@H](CC(NCCOCCOCCCCCCCl)=O)C(N[C@@H](CO)C(N[C@@H]2C)=O)=O)=O)n1)=O)NC2=O,VXXSA,5,1,PAMPA,-0.66423100233078,ok,
44,CC(C)[C@@H](C(NCCSCc1cccc(CSCCC(N[C@@H](CC(NCCOCCOCCCCCCCl)=O)C(N[C@H]2[C@@H](C)O)=O)=O)n1)=O)NC2=O,VXXT,4,1,PAMPA,-0.8230289816856384,ok,
45,CC(C)[C@@H](C(NCCSCc1cccc(CSCCC(N[C@@H](CC(NCCOCCOCCCCCCCl)=O)C(N[C@H]2C(C)C)=O)=O)n1)=O)NC2=O,VVXX,4,1,PAMPA,-0.0020800353959202766,ok,
46,CC(C)[C@@H](C(NCCSCc1cccc(CSCCC(N[C@@H](CC(NCCOCCOCCCCCCCl)=O)C(N[C@H]2Cc3ccccc3)=O)=O)n1)=O)NC2=O,VXXF,4,1,PAMPA,-0.10336315631866455,ok,
47,CC(C)[C@@H](C(NCCSCc1cccc(CSCCC(N[C@@H](CC(NCCOCCOCCCCCCCl)=O)C(NC(CC2)CCC2CC(N[C@H]2[C@H]3CCCC2)=O)=O)=O)n1)=O)NC3=O,VXXXX,5,1,PAMPA,-0.5682966709136963,ok,
48,CC(C)[C@@H](C(NCCSCc1cccc(CSCCC(N[C@@H](CC(NCCOCCOCCCCCCCl)=O)C(NCC(N[C@H]2[C@H]3CCCC2)=O)=O)=O)n1)=O)NC3=O,VXXGX,5,1,PAMPA,-0.4124422073364258,ok,
49,CC(C)[C@@H](C(NCCSCc1cccc(CSCCC(N[C@@H](CC(NCCOCCOCCCCCCCl)=O)C(NCc2cc3ccc2)=O)=O)n1)=O)NC3=O,VXXX,4,1,PAMPA,-0.12552256882190704,ok,
50,CC(C)C[C@@H](C(N[C@@H](Cc(cc1)ccc1O)C(NCCSCc1cccc(CSCCC(N[C@@H](CC(NCCOCCOCCCCCCCl)=O)C(N2C[C@@H]3CCC2)=O)=O)n1)=O)=O)NC3=O,LYXXX,5,1,PAMPA,-0.5921104550361633,ok,
51,CC(C)C[C@@H](C(N[C@@H](CC(N)=O)C(NCCSCc1cccc(CSCCC(N[C@@H](CC(NCCOCCOCCCCCCCl)=O)C(N(C)C2)=O)=O)n1)=O)=O)NC2=O,LNXXX,5,1,PAMPA,-0.778311014175415,ok,
52,CC(C)C[C@@H](C(N[C@H](C)C(NCCSCc1cccc(CSCCC(N[C@@H](CC(NCCOCCOCCCCCCCl)=O)C(N[C@H]2Cc3c[nH]c4c3cccc4)=O)=O)n1)=O)=O)NC2=O,LAXXW,5,1,PAMPA,-0.4090678095817566,ok,
53,CC(C)C[C@@H](C(NCC(NCCSCc1cccc(CSCCC(N[C@H]2CC(NCCOCCOCCCCCCCl)=O)=O)n1)=O)=O)NC2=O,LGXX,4,1,PAMPA,-0.1853637546300888,ok,
54,CC(C)C[C@@H](C(NCCSCc1cccc(CSCCC(N[C@@H](CC(NCCOCCOCCCCCCCl)=O)C(N(C2)CC2C(N[C@H]2[C@H]3CCCC2)=O)=O)=O)n1)=O)NC3=O,LXXXX,5,1,PAMPA,-0.10048427432775497,ok,
55,CC(C)C[C@@H](C(NCCSCc1cccc(CSCCC(N[C@@H](CC(NCCOCCOCCCCCCCl)=O)C(N[C@H]2C(C)C)=O)=O)n1)=O)NC2=O,LXXV,4,1,PAMPA,0.12696664035320282,ok,
56,CC(C)C[C@@H](C(NCCSCc1cccc(CSCCC(N[C@@H](CC(NCCOCCOCCCCCCCl)=O)C(N[C@H]2CC(N)=O)=O)=O)n1)=O)NC2=O,LXXN,4,1,PAMPA,-0.43924012780189514,ok,
57,CC(C)C[C@@H](C(NCCSCc1cccc(CSCCC(N[C@@H](CC(NCCOCCOCCCCCCCl)=O)C(N[C@H]2Cc3c[nH]c4c3cccc4)=O)=O)n1)=O)NC2=O,LXXW,4,1,PAMPA,-0.25314614176750183,ok,
58,CC(C)C[C@@H](C(NCCSCc1cccc(CSCCC(N[C@@H](CC(NCCOCCOCCCCCCCl)=O)C(N[C@H]2Cc3c[nH]cn3)=O)=O)n1)=O)NC2=O,LXXH,4,1,PAMPA,-0.5787816643714905,ok,
59,CC[C@H](C)[C@@H](C(N(C1)CC1C(N(CC1)[C@@H]1C(NCCSCc1cccc(CSCCC(N[C@H]2CC(NCCOCCOCCCCCCCl)=O)=O)n1)=O)=O)=O)NC2=O,IXXXX,5,1,PAMPA,-0.4225691854953766,ok,
60,CC[C@H](C)[C@@H](C(N(CCC1)[C@@H]1C(NCCSCc1cccc(CSCCC(N[C@H]2CC(NCCOCCOCCCCCCCl)=O)=O)n1)=O)=O)NC2=O,IPXX,4,1,PAMPA,-0.0827145129442215,ok,
61,CC[C@H](C)[C@@H](C(N[C@@H](Cc(cc1)ccc1O)C(N[C@@H](CC(C)C)C(NCCSCc1cccc(CSCCC(N[C@H]2CC(NCCOCCOCCCCCCCl)=O)=O)n1)=O)=O)=O)NC2=O,LXXIY,5,1,PAMPA,-0.8434928059577942,ok,
62,CC[C@H](C)[C@@H](C(N[C@@H](CC(N)=O)C(NCCSCc1cccc(CSCCC(N[C@@H](CC(NCCOCCOCCCCCCCl)=O)C(N2[C@H]3CC2)=O)=O)n1)=O)=O)NC3=O,INXXX,5,1,PAMPA,-0.730137050151825,ok,
63,CC[C@H](C)[C@@H](C(N[C@@H](Cc1c[nH]cn1)C(N[C@@H](Cc1c[nH]c2c1cccc2)C(NCCSCc1cccc(CSCCC(N[C@H]2CC(NCCOCCOCCCCCCCl)=O)=O)n1)=O)=O)=O)NC2=O,IHWXX,5,1,PAMPA,-1.0492711067199707,ok,
64,CC[C@H](C)[C@@H](C(NC(CC1)CCC1CC(NCCSCc1cccc(CSCCC(N[C@H]2CC(NCCOCCOCCCCCCCl)=O)=O)n1)=O)=O)NC2=O,IXXX,4,1,PAMPA,-0.2599150538444519,ok,
65,CC[C@H](C)[C@@H](C(NCc(cc1)ccc1C(N(C)CC(NCCSCc1cccc(CSCCC(N[C@H]2CC(NCCOCCOCCCCCCCl)=O)=O)n1)=O)=O)=O)NC2=O,IXXXX,5,1,PAMPA,-0.6153177618980408,ok,
66,CC[C@H](C)[C@@H](C(NCc1cc(C(NCCSCc2cccc(CSCCC(N[C@@H](CC(NCCOCCOCCCCCCCl)=O)C(NCC3)=O)=O)n2)=O)ccc1)=O)NC3=O,IXXXX,5,1,PAMPA,-0.5081470608711243,ok,
67,CC[C@H](C)[C@@H](C(NCCSCc1cccc(CSCCC(N[C@@H](CC(NCCOCCOCCCCCCCl)=O)C(N[C@H]2Cc(cc3)ccc3O)=O)=O)n1)=O)NC2=O,IXXY,4,1,PAMPA,-0.5835245847702026,ok,
68,CC[C@H](C)[C@@H](C(NCCSCc1cccc(CSCCC(N[C@@H](CC(NCCOCCOCCCCCCCl)=O)C(N[C@H]2Cc3c[nH]cn3)=O)=O)n1)=O)NC2=O,IXXH,4,1,PAMPA,-0.7285575270652771,ok,
69,CC[C@H](C)[C@@H](C(NCCSCc1cccc(CSCCC(N[C@@H](CC(NCCOCCOCCCCCCCl)=O)C(NCc2ccc3cc2)=O)=O)n1)=O)NC3=O,IXXX,4,1,PAMPA,-0.3686521649360657,ok,
70,CN(CC(N[C@@H](CC(N)=O)C(N(CC1)CCC1C(NCCSCc1cccc(CSCCC(N[C@H]2CC(NCCOCCOCCCCCCCl)=O)=O)n1)=O)=O)=O)C2=O,XNXXX,5,1,PAMPA,-0.8180534243583679,ok,
71,CN(CC(N[C@@H](Cc1ccccc1)C(NCCSCc1cccc(CSCCC(N[C@@H](CC(NCCOCCOCCCCCCCl)=O)C(NCc2ccc3cc2)=O)=O)n1)=O)=O)C3=O,XFXXX,5,1,PAMPA,-0.3542565703392029,ok,
72,CN(CC(NC(CC1)CCC1CC(NCCSCc1cccc(CSCCC(N[C@@H](CC(NCCOCCOCCCCCCCl)=O)C(N2CCC3CC2)=O)=O)n1)=O)=O)C3=O,XXXXX,5,1,PAMPA,-0.3169185221195221,ok,
73,CN(CC(NCCSCc1cccc(CSCCC(N[C@@H](CC(NCCOCCOCCCCCCCl)=O)C(N2C[C@@H]3CCC2)=O)=O)n1)=O)C3=O,XXXX,4,1,PAMPA,-0.047156356275081635,ok,
74,CN(CC(NCCSCc1cccc(CSCCC(N[C@@H](CC(NCCOCCOCCCCCCCl)=O)C(NC(CC2)CCC2C2)=O)=O)n1)=O)C2=O,XXXX,4,1,PAMPA,-0.1851281076669693,ok,
75,NC(C[C@@H](C(N[C@@H](CO)C(NCCSCc1cccc(CSCCC(N[C@@H](CC(NCCOCCOCCCCCCCl)=O)C(NCc2ccc3cc2)=O)=O)n1)=O)=O)NC3=O)=O,NSXXX,5,1,PAMPA,-0.9711734652519226,ok,
76,NC(C[C@@H](C(NCCSCc1cccc(CSCCC(N[C@@H](CC(NCCOCCOCCCCCCCl)=O)C(N(CC2)CCC2C(NC2)=O)=O)=O)n1)=O)NC2=O)=O,NXXXG,5,1,PAMPA,-1.023488998413086,ok,
77,NC(C[C@@H](C(NCCSCc1cccc(CSCCC(N[C@@H](CC(NCCOCCOCCCCCCCl)=O)C(N[C@H]2Cc3ccccc3)=O)=O)n1)=O)NC2=O)=O,NXXF,4,1,PAMPA,-0.4805237352848053,ok,
78,NC(C[C@@H](C(NCCSCc1cccc(CSCCC(N[C@@H](CC(NCCOCCOCCCCCCCl)=O)C(NCc2ccc3cc2)=O)=O)n1)=O)NC3=O)=O,NXXX,4,1,PAMPA,-0.7188946604728699,ok,
79,NC(CC[C@@H](C(N[C@@H](Cc1ccccc1)C(NCCSCc1cccc(CSCCC(N[C@H]2CC(NCCOCCOCCCCCCCl)=O)=O)n1)=O)=O)NC2=O)=O,QFXX,4,1,PAMPA,-0.539027988910675,ok,
80,NC(CC[C@@H](C(NCCSCc1cccc(CSCCC(N[C@@H](CC(NCCOCCOCCCCCCCl)=O)C(N(CCCC2)[C@H]2C(N2[C@@H]3CCC2)=O)=O)=O)n1)=O)NC3=O)=O,QXXXP,5,1,PAMPA,-0.7218979001045227,ok,
81,O=C(C[C@@H](C(N(C1)CC1C(N(CCC1)[C@H]1C(NCC(NCCSCc1cccc(CSCC2)n1)=O)=O)=O)=O)NC2=O)NCCOCCOCCCCCCCl,GXXXP,5,1,PAMPA,-0.6765367388725281,ok,
82,O=C(C[C@@H](C(N(C1)CC1C(N[C@@H](Cc1c[nH]cn1)C(NCCSCc1cccc(CSCC2)n1)=O)=O)=O)NC2=O)NCCOCCOCCCCCCCl,XXXH,4,1,PAMPA,-0.6363023519515991,ok,
83,O=C(C[C@@H](C(N(C1)CC1C(NCc1cc(C(NCCSCc2cccc(CSCC3)n2)=O)ccc1)=O)=O)NC3=O)NCCOCCOCCCCCCCl,XXXX,4,1,PAMPA,0.027603261172771454,ok,
84,O=C(C[C@@H](C(N(CC1)[C@@H]1C(NCc1cc(C(NCc(cc2)ccc2C(NCCSCc2cccc(CSCC3)n2)=O)=O)ccc1)=O)=O)NC3=O)NCCOCCOCCCCCCCl,XXXXX,5,1,PAMPA,-0.5219511985778809,ok,
85,O=C(C[C@@H](C(N(CC1)CCC1C(N(CCC1)[C@H]1C(NCCSCc1cccc(CSCC2)n1)=O)=O)=O)NC2=O)NCCOCCOCCCCCCCl,XXXP,4,1,PAMPA,0.13485081493854523,ok,
86,O=C(C[C@@H](C(N(CC1)CCC1C(N(CCC1)C[C@H]1C(NCC(NCCSCc1cccc(CSCC2)n1)=O)=O)=O)=O)NC2=O)NCCOCCOCCCCCCCl,GXXXX,5,1,PAMPA,-0.5864737033843994,ok,
87,O=C(C[C@@H](C(N(CC1)CCC1C(N[C@@H](Cc1ccccc1)C(NCCC(NCCSCc1cccc(CSCC2)n1)=O)=O)=O)=O)NC2=O)NCCOCCOCCCCCCCl,XXXXF,5,1,PAMPA,-0.2704332768917084,ok,
88,O=C(C[C@@H](C(N(CC1)CCC1C(NCc(cc1)ccc1C(NCCSCc1cccc(CSCC2)n1)=O)=O)=O)NC2=O)NCCOCCOCCCCCCCl,XXXX,4,1,PAMPA,-0.16315297782421112,ok,
89,O=C(C[C@@H](C(N(CCC1)[C@@H]1C(N(C1)CC1C(NCCSCc1cccc(CSCC2)n1)=O)=O)=O)NC2=O)NCCOCCOCCCCCCCl,XXPX,4,1,PAMPA,0.1225256472826004,ok,
90,O=C(C[C@@H](C(N(CCC1)[C@@H]1C(N(CCC1)C[C@H]1C(NCCSCc1cccc(CSCC2)n1)=O)=O)=O)NC2=O)NCCOCCOCCCCCCCl,XXPX,4,1,PAMPA,0.288906067609787,ok,
91,O=C(C[C@@H](C(N(CCC1)[C@@H]1C(N[C@H](CCCC1)[C@@H]1C(NCCSCc1cccc(CSCC2)n1)=O)=O)=O)NC2=O)NCCOCCOCCCCCCCl,XXPX,4,1,PAMPA,0.23595888912677765,ok,
92,O=C(C[C@@H](C(N(CCC1)[C@@H]1C(NCCC(N[C@@H](Cc1c[nH]cn1)C(NCCSCc1cccc(CSCC2)n1)=O)=O)=O)=O)NC2=O)NCCOCCOCCCCCCCl,XHXXP,5,1,PAMPA,-0.9805858731269836,ok,
93,O=C(C[C@@H](C(N(CCC1)[C@H]1C(N(CCC1)[C@H]1C(NCCSCc1cccc(CSCC2)n1)=O)=O)=O)NC2=O)NCCOCCOCCCCCCCl,XXPP,4,1,PAMPA,0.03313036262989044,ok,
94,O=C(C[C@@H](C(N(CCC1)[C@H]1C(NCc(cc1)ccc1C(N(CCC1)[C@H]1C(NCCSCc1cccc(CSCC2)n1)=O)=O)=O)=O)NC2=O)NCCOCCOCCCCCCCl,XXPXP,5,1,PAMPA,-0.576482355594635,ok,
95,O=C(C[C@@H](C(N(CCC1)[C@H]1C(NCC(NCCSCc1cccc(CSCC2)n1)=O)=O)=O)NC2=O)NCCOCCOCCCCCCCl,GXXP,4,1,PAMPA,-0.34013426303863525,ok,
96,O=C(C[C@@H](C(N(CCC1)C[C@H]1C(N(CCC1)[C@H]1C(N(CCC1)C[C@H]1C(NCCSCc1cccc(CSCC2)n1)=O)=O)=O)=O)NC2=O)NCCOCCOCCCCCCCl,XXXPX,5,1,PAMPA,0.02938968315720558,ok,
97,O=C(C[C@@H](C(N(CCC1)C[C@H]1C(N(CCC1)[C@H]1C(NCCSCc1cccc(CSCC2)n1)=O)=O)=O)NC2=O)NCCOCCOCCCCCCCl,XXXP,4,1,PAMPA,0.15273316204547882,ok,
98,O=C(C[C@@H](C(N(CCC1)C[C@H]1C(N[C@@H](Cc1c[nH]cn1)C(NCCSCc1cccc(CSCC2)n1)=O)=O)=O)NC2=O)NCCOCCOCCCCCCCl,XXXH,4,1,PAMPA,-0.5585172176361084,ok,
99,O=C(C[C@@H](C(N(CCC1)C[C@H]1C(NCCC(NCCSCc1cccc(CSCC2)n1)=O)=O)=O)NC2=O)NCCOCCOCCCCCCCl,XXXX,4,1,PAMPA,-0.08985231071710587,ok,
100,O=C(C[C@@H](C(N(CCCC1)[C@H]1C(N(CC1)CCC1C(NCCSCc1cccc(CSCC2)n1)=O)=O)=O)NC2=O)NCCOCCOCCCCCCCl,XXXX,4,1,PAMPA,0.2731873393058777,ok,
101,O=C(C[C@@H](C(N(CCCC1)[C@H]1C(NCc(cc1)ccc1C(N(CC1)CCC1C(NCCSCc1cccc(CSCC2)n1)=O)=O)=O)=O)NC2=O)NCCOCCOCCCCCCCl,XXXXX,5,1,PAMPA,-0.22393883764743805,ok,
102,O=C(C[C@@H](C(N[C@@H](Cc1c[nH]c2c1cccc2)C(NC(CC1)CCC1CC(NCCSCc1cccc(CSCC2)n1)=O)=O)=O)NC2=O)NCCOCCOCCCCCCCl,XXXW,4,1,PAMPA,-0.42120835185050964,ok,
103,O=C(C[C@@H](C(N[C@@H](Cc1c[nH]c2c1cccc2)C(NCC(NCCSCc1cccc(CSCC2)n1)=O)=O)=O)NC2=O)NCCOCCOCCCCCCCl,GXXW,4,1,PAMPA,-0.14197610318660736,ok,
104,O=C(C[C@@H](C(N[C@@H](Cc1c[nH]cn1)C(N(CCC1)C[C@H]1C(NCCSCc1cccc(CSCC2)n1)=O)=O)=O)NC2=O)NCCOCCOCCCCCCCl,XXHX,4,1,PAMPA,-0.5420799255371094,ok,
105,O=C(C[C@@H](C(N[C@@H](Cc1ccccc1)C(N(C1)CC1C(N(CCC1)C[C@H]1C(NCCSCc1cccc(CSCC2)n1)=O)=O)=O)=O)NC2=O)NCCOCCOCCCCCCCl,XXFXX,5,1,PAMPA,-0.08243824541568756,ok,
106,O=C(C[C@@H](C(N[C@@H](Cc1ccccc1)C(NCC(NCCSCc1cccc(CSCC2)n1)=O)=O)=O)NC2=O)NCCOCCOCCCCCCCl,GXXF,4,1,PAMPA,-0.08560372143983841,ok,
107,O=C(C[C@@H](C(N[C@H](CCCC1)[C@@H]1C(N(CC1)[C@@H]1C(N(CCC1)[C@H]1C(NCCSCc1cccc(CSCC2)n1)=O)=O)=O)=O)NC2=O)NCCOCCOCCCCCCCl,XXXXP,5,1,PAMPA,-0.2979976534843445,ok,
108,O=C(C[C@@H](C(N[C@H](CCCC1)[C@@H]1C(N(CC1)CCC1C(NCCSCc1cccc(CSCC2)n1)=O)=O)=O)NC2=O)NCCOCCOCCCCCCCl,XXXX,4,1,PAMPA,0.22612877190113068,ok,
109,O=C(C[C@@H](C(N[C@H](CCCC1)[C@@H]1C(N(CCC1)C[C@H]1C(N(CCC1)[C@@H]1C(NCCSCc1cccc(CSCC2)n1)=O)=O)=O)=O)NC2=O)NCCOCCOCCCCCCCl,XXXXP,5,1,PAMPA,-0.0338602177798748,ok,
110,O=C(C[C@@H](C(N[C@H](CCCC1)[C@@H]1C(N(CCC1)C[C@H]1C(NCCSCc1cccc(CSCC2)n1)=O)=O)=O)NC2=O)NCCOCCOCCCCCCCl,XXXX,4,1,PAMPA,0.2367163449525833,ok,
111,O=C(C[C@@H](C(N[C@H](CCCC1)[C@@H]1C(N[C@H](CCCC1)[C@@H]1C(NCCSCc1cccc(CSCC2)n1)=O)=O)=O)NC2=O)NCCOCCOCCCCCCCl,XXXX,4,1,PAMPA,-0.061861079186201096,ok,
112,O=C(C[C@@H](C(N[C@H](CCCC1)[C@@H]1C(NCc(cc1)ccc1C(N(CC1)[C@@H]1C(NCCSCc1cccc(CSCC2)n1)=O)=O)=O)=O)NC2=O)NCCOCCOCCCCCCCl,XXXXX,5,1,PAMPA,-0.43347877264022827,ok,
113,O=C(C[C@@H](C(N[C@H](CCCC1)[C@@H]1C(NCc(cc1)ccc1C(NCCSCc1cccc(CSCC2)n1)=O)=O)=O)NC2=O)NCCOCCOCCCCCCCl,XXXX,4,1,PAMPA,-0.20482882857322693,ok,
114,O=C(C[C@@H](C(N[C@H](CCCC1)[C@@H]1C(NCCC(N(C1)CC1C(NCCSCc1cccc(CSCC2)n1)=O)=O)=O)=O)NC2=O)NCCOCCOCCCCCCCl,XXXXX,5,1,PAMPA,-0.42136645317077637,ok,
115,O=C(C[C@@H](C(NC(CC1)CCC1CC(N(C1)CC1C(NCCSCc1cccc(CSCC2)n1)=O)=O)=O)NC2=O)NCCOCCOCCCCCCCl,XXXX,4,1,PAMPA,-0.1033274233341217,ok,
116,O=C(C[C@@H](C(NC(CC1)CCC1CC(N(CCC1)[C@@H]1C(N(CCCC1)[C@H]1C(NCCSCc1cccc(CSCC2)n1)=O)=O)=O)=O)NC2=O)NCCOCCOCCCCCCCl,XPXXX,5,1,PAMPA,-0.20887576043605804,ok,
117,O=C(C[C@@H](C(NCc(cc1)ccc1C(N(C1)CC1C(NCCSCc1cccc(CSCC2)n1)=O)=O)=O)NC2=O)NCCOCCOCCCCCCCl,XXXX,4,1,PAMPA,-0.2044190913438797,ok,
118,O=C(C[C@@H](C(NCc(cc1)ccc1C(N(CCC1)C[C@H]1C(NCC(NCCSCc1cccc(CSCC2)n1)=O)=O)=O)=O)NC2=O)NCCOCCOCCCCCCCl,GXXXX,5,1,PAMPA,-0.6920122504234314,ok,
119,O=C(C[C@@H](C(NCc(cc1)ccc1C(N(CCC1)C[C@H]1C(NCCC(NCCSCc1cccc(CSCC2)n1)=O)=O)=O)=O)NC2=O)NCCOCCOCCCCCCCl,XXXXX,5,1,PAMPA,-0.5546467900276184,ok,
120,O=C(C[C@@H](C(NCc(cc1)ccc1C(N[C@@H](Cc1ccccc1)C(N[C@H](CCCC1)[C@@H]1C(NCCSCc1cccc(CSCC2)n1)=O)=O)=O)=O)NC2=O)NCCOCCOCCCCCCCl,XXXFX,5,1,PAMPA,-0.5163410305976868,ok,
121,O=C(C[C@@H](C(NCc(cc1)ccc1C(NCc(cc1)ccc1C(N(CC1)CCC1C(NCCSCc1cccc(CSCC2)n1)=O)=O)=O)=O)NC2=O)NCCOCCOCCCCCCCl,XXXXX,5,1,PAMPA,-0.4200466275215149,ok,
122,O=C(C[C@@H](C(NCc(cc1)ccc1C(NCCC(NCc(cc1)ccc1C(NCCSCc1cccc(CSCC2)n1)=O)=O)=O)=O)NC2=O)NCCOCCOCCCCCCCl,XXXXX,5,1,PAMPA,-0.612327516078949,ok,
123,O=C(C[C@@H](C(NCC(N(CC1)CCC1C(NCCSCc1cccc(CSCC2)n1)=O)=O)=O)NC2=O)NCCOCCOCCCCCCCl,GXXX,4,1,PAMPA,-0.1282680481672287,ok,
124,O=C(C[C@@H](C(NCC(N[C@@H](Cc1c[nH]cn1)C(NCc1cc(C(NCCSCc2cccc(CSCC3)n2)=O)ccc1)=O)=O)=O)NC3=O)NCCOCCOCCCCCCCl,GHXXX,5,1,PAMPA,-1.0034230947494507,ok,
125,O=C(C[C@@H](C(NCC(NC(CC1)CCC1CC(NCCSCc1cccc(CSCC2)n1)=O)=O)=O)NC2=O)NCCOCCOCCCCCCCl,XXXG,4,1,PAMPA,-0.21070092916488647,ok,
126,O=C(C[C@@H](C(NCC(NCCC(NCCSCc1cccc(CSCC2)n1)=O)=O)=O)NC2=O)NCCOCCOCCCCCCCl,GXXX,4,1,PAMPA,-0.4874987006187439,ok,
127,O=C(C[C@@H](C(NCc1cc(C(N[C@@H](Cc2ccccc2)C(N(CC2)[C@@H]2C(NCCSCc2cccc(CSCC3)n2)=O)=O)=O)ccc1)=O)NC3=O)NCCOCCOCCCCCCCl,XXXFX,5,1,PAMPA,-0.2623753547668457,ok,
128,O=C(C[C@@H](C(NCc1cc(C(N[C@H](CCCC2)[C@@H]2C(NCCSCc2cccc(CSCC3)n2)=O)=O)ccc1)=O)NC3=O)NCCOCCOCCCCCCCl,XXXX,4,1,PAMPA,-0.11595986783504486,ok,
129,O=C(C[C@@H](C(NCCC(N(CC1)CCC1C(N[C@@H](Cc1ccccc1)C(NCCSCc1cccc(CSCC2)n1)=O)=O)=O)=O)NC2=O)NCCOCCOCCCCCCCl,XXFXX,5,1,PAMPA,-0.18511174619197845,ok,
130,OC[C@@H](C(N[C@H](CCCC1)[C@@H]1C(N[C@@H](Cc1ccccc1)C(NCCSCc1cccc(CSCCC(N[C@H]2CC(NCCOCCOCCCCCCCl)=O)=O)n1)=O)=O)=O)NC2=O,XXSXF,5,1,PAMPA,-0.29459643363952637,ok,
131,OC[C@@H](C(NC(CC1)CCC1CC(NCCSCc1cccc(CSCCC(N[C@H]2CC(NCCOCCOCCCCCCCl)=O)=O)n1)=O)=O)NC2=O,XXXS,4,1,PAMPA,-0.19000494480133057,ok,
132,OC[C@@H](C(NCCSCc1cccc(CSCCC(N[C@@H](CC(NCCOCCOCCCCCCCl)=O)C(N[C@H]2[C@H]3CCCC2)=O)=O)n1)=O)NC3=O,XXXS,4,1,PAMPA,0.17269445955753326,ok,
133,OC[C@@H](C(NCCSCc1cccc(CSCCC(N[C@@H](CC(NCCOCCOCCCCCCCl)=O)C(N[C@H]2Cc3c[nH]cn3)=O)=O)n1)=O)NC2=O,XXHS,4,1,PAMPA,-0.7069255709648132,ok,
134,OC[C@@H](C(NCCSCc1cccc(CSCCC(N[C@@H](CC(NCCOCCOCCCCCCCl)=O)C(N[C@H]2CO)=O)=O)n1)=O)NC2=O,XXSS,4,1,PAMPA,-0.11590094119310379,ok,
135,Oc1ccc(C[C@@H](C(N(C2)CC2C(NCCSCc2cccc(CSCCC(N[C@H]3CC(NCCOCCOCCCCCCCl)=O)=O)n2)=O)=O)NC3=O)cc1,XXYX,4,1,PAMPA,-0.4197608232498169,ok,
136,Oc1ccc(C[C@@H](C(N(CC2)CCC2C(N[C@H](CCCC2)[C@@H]2C(NCCSCc2cccc(CSCCC(N[C@H]3CC(NCCOCCOCCCCCCCl)=O)=O)n2)=O)=O)=O)NC3=O)cc1,XXYXX,5,1,PAMPA,-0.6363793611526489,ok,
137,Oc1ccc(C[C@@H](C(N(CC2)CCC2C(NCCSCc2cccc(CSCCC(N[C@H]3CC(NCCOCCOCCCCCCCl)=O)=O)n2)=O)=O)NC3=O)cc1,XXYX,4,1,PAMPA,-0.32837262749671936,ok,
138,Oc1ccc(C[C@@H](C(N(CCC2)C[C@H]2C(N(CC2)[C@@H]2C(NCCSCc2cccc(CSCCC(N[C@H]3CC(NCCOCCOCCCCCCCl)=O)=O)n2)=O)=O)=O)NC3=O)cc1,XXYXX,5,1,PAMPA,-0.661186158657074,ok,
139,Oc1ccc(C[C@@H](C(NCc2cc(C(NCCSCc3cccc(CSCCC(N[C@H]4CC(NCCOCCOCCCCCCCl)=O)=O)n3)=O)ccc2)=O)NC4=O)cc1,XXYX,4,1,PAMPA,-0.49636417627334595,ok,
140,Oc1ccc(C[C@@H](C(NCCSCc2cccc(CSCCC(N[C@@H](CC(NCCOCCOCCCCCCCl)=O)C(N[C@H]3Cc4ccccc4)=O)=O)n2)=O)NC3=O)cc1,XXFY,4,1,PAMPA,-0.5217682719230652,ok,
141,Oc1ccc(C[C@@H](C(NCCSCc2cccc(CSCCC(N[C@@H](CC(NCCOCCOCCCCCCCl)=O)C(N3[C@H]4CC3)=O)=O)n2)=O)NC4=O)cc1,XXXY,4,1,PAMPA,-0.46108803153038025,ok,
142,Oc1ccc(C[C@@H](C(NCCSCc2cccc(CSCCC(N[C@@H](CC(NCCOCCOCCCCCCCl)=O)C(N3[C@H]4CCC3)=O)=O)n2)=O)NC4=O)cc1,XXPY,4,1,PAMPA,-0.4174794554710388,ok,
143,Oc1ccc(C[C@@H](C(NCCSCc2cccc(CSCCC(N[C@@H](CC(NCCOCCOCCCCCCCl)=O)C(NCc3ccc4cc3)=O)=O)n2)=O)NC4=O)cc1,XXXY,4,1,PAMPA,-0.6701461672782898,ok,
